Unidad,km,litros,rend_met,rend_obj,litros_obj,(+)AHORRO/(-)PÉRDIDA LITROS
S-30,8320.7,2131,3.904598779915533,3.8,2189.6578947368425,58.657894736842536
S-31,6059.3,1684,3.5981591448931116,3.6,1683.138888888889,-0.8611111111110858
S-32,6874.9,1833,3.7506273867975994,3.6,1909.6944444444443,76.69444444444434
S-33,6751.6,1594,4.235633626097867,3.8,1776.7368421052633,182.73684210526335
S-35,5445,1470.5,3.70282216933016,3.6,1512.5,42
